Nombre;Descripcion;Precio;Duracion
Instalacion de protector solar para parabrisas;Colocacion y ajuste de pantalla protectora;20;10
Aplicacion de pelicula antilluvia en espejos;Instalacion de laminas hidrofobicas;40;20
Instalacion de protector de bordes de puerta;Colocacion de tiras protectoras adhesivas;35;20
Aplicacion de vinilo decorativo;Instalacion profesional de vinilos exteriores;180;90
Instalacion de cubierta para llanta de repuesto;Colocacion y ajuste de funda protectora;25;15
Aplicacion de protector para faros;Instalacion de pelicula transparente protectora;70;40
Instalacion de tapas cromadas para espejos;Montaje de cubiertas decorativas;45;20
Instalacion de protector de maletera;Colocacion de moldura protectora trasera;50;25
Colocacion de calcomanias reflectivas;Aplicacion de adhesivos de seguridad;30;15
Cambio de accesorios exteriores;Retiro e instalacion de accesorios decorativos;120;60
